Feature,SHAP
Landslides,0.5539959
Deforestation,0.5510796
PoliticalFactors,0.551067
Urbanization,0.548428
InadequatePlanning,0.54834545
Watersheds,0.54815406
RiverManagement,0.5467358
WetlandLoss,0.5424298
DamsQuality,0.54239815
TopographyDrainage,0.5420364
DeterioratingInfrastructure,0.5410275
MonsoonIntensity,0.5373413
IneffectiveDisasterPreparedness,0.5351443
DrainageSystems,0.5322567
Encroachments,0.5295317
AgriculturalPractices,0.52789927
CoastalVulnerability,0.5259679
PopulationScore,0.5258207
Siltation,0.5248148
ClimateChange,0.5174032
